shape_id,route_id,route_name,route_type,route_color,route_text_color,direction_id,direction_name
010125,1,1,3,FFC72C,000000,0,Outbound
010126,1,1,3,FFC72C,000000,1,Inbound
100219,10,10,3,FFC72C,000000,0,Outbound
100220,10,10,3,FFC72C,000000,0,Outbound
100222,10,10,3,FFC72C,000000,0,Outbound
160302-2,10,10,3,FFC72C,000000,0,Outbound
100218,10,10,3,FFC72C,000000,1,Inbound
100223,10,10,3,FFC72C,000000,1,Inbound
1000131,100,100,3,FFC72C,000000,0,Outbound
1000145,100,100,3,FFC72C,000000,0,Outbound
1000034,100,100,3,FFC72C,000000,1,Inbound
1000032,100,100,3,FFC72C,000000,1,Inbound
1010291,101,101,3,FFC72C,000000,0,Outbound
1010251,101,101,3,FFC72C,000000,0,Outbound
1010290,101,101,3,FFC72C,000000,1,Inbound
1010292,101,101,3,FFC72C,000000,1,Inbound
1040125,104,104,3,FFC72C,000000,0,Outbound
1040126,104,104,3,FFC72C,000000,1,Inbound
1050122,105,105,3,FFC72C,000000,0,Outbound
1050123,105,105,3,FFC72C,000000,1,Inbound
1060256,106,106,3,FFC72C,000000,0,Outbound
1060255,106,106,3,FFC72C,000000,0,Outbound
1060251,106,106,3,FFC72C,000000,1,Inbound
1060250,106,106,3,FFC72C,000000,1,Inbound
1060253,106,106,3,FFC72C,000000,1,Inbound
1080202,108,108,3,FFC72C,000000,0,Outbound
1080203,108,108,3,FFC72C,000000,0,Outbound
1080201,108,108,3,FFC72C,000000,0,Outbound
1080200,108,108,3,FFC72C,000000,1,Inbound
1080199,108,108,3,FFC72C,000000,1,Inbound
1090196,109,109,3,FFC72C,000000,0,Outbound
1090197,109,109,3,FFC72C,000000,1,Inbound
110126,11,11,3,FFC72C,000000,0,Outbound
110127,11,11,3,FFC72C,000000,1,Inbound
1100177,110,110,3,FFC72C,000000,0,Outbound
1100173,110,110,3,FFC72C,000000,0,Outbound
1100175,110,110,3,FFC72C,000000,0,Outbound
1100180,110,110,3,FFC72C,000000,1,Inbound
1100181,110,110,3,FFC72C,000000,1,Inbound
1110256,111,111,3,FFC72C,000000,0,Outbound
1110255,111,111,3,FFC72C,000000,1,Inbound
1120165,112,112,3,FFC72C,000000,0,Outbound
1120164,112,112,3,FFC72C,000000,1,Inbound
1140040,114,114,3,FFC72C,000000,0,Outbound
1140039,114,114,3,FFC72C,000000,1,Inbound
1160110,116,116,3,FFC72C,000000,0,Outbound
1160097,116,116,3,FFC72C,000000,0,Outbound
1160111,116,116,3,FFC72C,000000,1,Inbound
1170140,117,117,3,FFC72C,000000,0,Outbound
1170172,117,117,3,FFC72C,000000,0,Outbound
1170157,117,117,3,FFC72C,000000,0,Outbound
1170168,117,117,3,FFC72C,000000,1,Inbound
1170167,117,117,3,FFC72C,000000,1,Inbound
1170170,117,117,3,FFC72C,000000,1,Inbound
1170171,117,117,3,FFC72C,000000,1,Inbound
1190077,119,119,3,FFC72C,000000,0,Outbound
1190079,119,119,3,FFC72C,000000,0,Outbound
1190078,119,119,3,FFC72C,000000,1,Inbound
1190080,119,119,3,FFC72C,000000,1,Inbound
1200143,120,120,3,FFC72C,000000,0,Outbound
1200141,120,120,3,FFC72C,000000,1,Inbound
1200144,120,120,3,FFC72C,000000,1,Inbound
1210050,121,121,3,FFC72C,000000,0,Outbound
1210051,121,121,3,FFC72C,000000,0,Outbound
1210042,121,121,3,FFC72C,000000,1,Inbound
1210048,121,121,3,FFC72C,000000,1,Inbound
1310066,131,131,3,FFC72C,000000,0,Outbound
1310077,131,131,3,FFC72C,000000,1,Inbound
1320061,132,132,3,FFC72C,000000,0,Outbound
1320082,132,132,3,FFC72C,000000,1,Inbound
1340347,134,134,3,FFC72C,000000,0,Outbound
1340352,134,134,3,FFC72C,000000,0,Outbound
1340355,134,134,3,FFC72C,000000,0,Outbound
1340350,134,134,3,FFC72C,000000,0,Outbound
1340348,134,134,3,FFC72C,000000,0,Outbound
1340349,134,134,3,FFC72C,000000,0,Outbound
1340344,134,134,3,FFC72C,000000,1,Inbound
1340342,134,134,3,FFC72C,000000,1,Inbound
1340343,134,134,3,FFC72C,000000,1,Inbound
1340346,134,134,3,FFC72C,000000,1,Inbound
1340345,134,134,3,FFC72C,000000,1,Inbound
1340351,134,134,3,FFC72C,000000,1,Inbound
1370131,137,137,3,FFC72C,000000,0,Outbound
1370128,137,137,3,FFC72C,000000,0,Outbound
1370132,137,137,3,FFC72C,000000,0,Outbound
1370136,137,137,3,FFC72C,000000,1,Inbound
1370134,137,137,3,FFC72C,000000,1,Inbound
1370135,137,137,3,FFC72C,000000,1,Inbound
140138,14,14,3,FFC72C,000000,0,Outbound
140137,14,14,3,FFC72C,000000,1,Inbound
150247,15,15,3,FFC72C,000000,0,Outbound
1910078,15,15,3,FFC72C,000000,0,Outbound
150251,15,15,3,FFC72C,000000,0,Outbound
150252,15,15,3,FFC72C,000000,0,Outbound
150253,15,15,3,FFC72C,000000,0,Outbound
150248,15,15,3,FFC72C,000000,0,Outbound
150249,15,15,3,FFC72C,000000,1,Inbound
150250,15,15,3,FFC72C,000000,1,Inbound
1910079,15,15,3,FFC72C,000000,1,Inbound
150217,15,15,3,FFC72C,000000,1,Inbound
150218,15,15,3,FFC72C,000000,1,Inbound
150216,15,15,3,FFC72C,000000,1,Inbound
160293,16,16,3,FFC72C,000000,0,Outbound
160301,16,16,3,FFC72C,000000,0,Outbound
160295,16,16,3,FFC72C,000000,0,Outbound
160296,16,16,3,FFC72C,000000,0,Outbound
160282,16,16,3,FFC72C,000000,1,Inbound
160298,16,16,3,FFC72C,000000,1,Inbound
160288,16,16,3,FFC72C,000000,1,Inbound
160305,16,16,3,FFC72C,000000,1,Inbound
160302-1,16,16,3,FFC72C,000000,1,Inbound
170110,17,17,3,FFC72C,000000,0,Outbound
170111,17,17,3,FFC72C,000000,1,Inbound
1710019,171,171,3,FFC72C,000000,0,Outbound
180077,18,18,3,FFC72C,000000,0,Outbound
180078,18,18,3,FFC72C,000000,1,Inbound
190290,19,19,3,FFC72C,000000,0,Outbound
190287,19,19,3,FFC72C,000000,0,Outbound
190291,19,19,3,FFC72C,000000,0,Outbound
190288,19,19,3,FFC72C,000000,0,Outbound
190286,19,19,3,FFC72C,000000,0,Outbound
190285,19,19,3,FFC72C,000000,1,Inbound
190289-2,19,19,3,FFC72C,000000,1,Inbound
190284,19,19,3,FFC72C,000000,1,Inbound
2010088,201,201,3,FFC72C,000000,0,Outbound
2010087,201,201,3,FFC72C,000000,0,Outbound
2010089,201,201,3,FFC72C,000000,0,Outbound
2010085,201,201,3,FFC72C,000000,1,Inbound
2010082,201,201,3,FFC72C,000000,1,Inbound
190289-1,201,201,3,FFC72C,000000,1,Inbound
2010086,201,201,3,FFC72C,000000,1,Inbound
2020073,202,202,3,FFC72C,000000,0,Outbound
2020072,202,202,3,FFC72C,000000,1,Inbound
210120,21,21,3,FFC72C,000000,0,Outbound
210128-2,21,21,3,FFC72C,000000,0,Outbound
210126,21,21,3,FFC72C,000000,1,Inbound
210129-1,21,21,3,FFC72C,000000,1,Inbound
2100108,210,210,3,FFC72C,000000,0,Outbound
2100077,210,210,3,FFC72C,000000,0,Outbound
2100103,210,210,3,FFC72C,000000,0,Outbound
2100076,210,210,3,FFC72C,000000,1,Inbound
2100100,210,210,3,FFC72C,000000,1,Inbound
2110143,211,211,3,FFC72C,000000,0,Outbound
2110142,211,211,3,FFC72C,000000,1,Inbound
2110140,211,211,3,FFC72C,000000,1,Inbound
2150170,215,215,3,FFC72C,000000,0,Outbound
2150171,215,215,3,FFC72C,000000,0,Outbound
2150172,215,215,3,FFC72C,000000,0,Outbound
2150177,215,215,3,FFC72C,000000,0,Outbound
2150164,215,215,3,FFC72C,000000,1,Inbound
2150165,215,215,3,FFC72C,000000,1,Inbound
2150166,215,215,3,FFC72C,000000,1,Inbound
2150159,215,215,3,FFC72C,000000,1,Inbound
2160138,216,216,3,FFC72C,000000,0,Outbound
2160140,216,216,3,FFC72C,000000,0,Outbound
2160141,216,216,3,FFC72C,000000,0,Outbound
2160139,216,216,3,FFC72C,000000,0,Outbound
2160135,216,216,3,FFC72C,000000,0,Outbound
2160145,216,216,3,FFC72C,000000,1,Inbound
2160144,216,216,3,FFC72C,000000,1,Inbound
2170114,217,217,3,FFC72C,000000,0,Outbound
2170113,217,217,3,FFC72C,000000,0,Outbound
2170103,217,217,3,FFC72C,000000,1,Inbound
2170112,217,217,3,FFC72C,000000,1,Inbound
220236,22,22,3,FFC72C,000000,0,Outbound
220239,22,22,3,FFC72C,000000,0,Outbound
220238,22,22,3,FFC72C,000000,0,Outbound
220235,22,22,3,FFC72C,000000,1,Inbound
220237-1,22,22,3,FFC72C,000000,1,Inbound
2200121,220,220,3,FFC72C,000000,0,Outbound
2200122,220,220,3,FFC72C,000000,0,Outbound
2200125,220,220,3,FFC72C,000000,1,Inbound
2220109,222,222,3,FFC72C,000000,0,Outbound
2220111,222,222,3,FFC72C,000000,0,Outbound
2220112,222,222,3,FFC72C,000000,1,Inbound
2220113,222,222,3,FFC72C,000000,1,Inbound
2250166,225,225,3,FFC72C,000000,0,Outbound
2250163,225,225,3,FFC72C,000000,0,Outbound
2250169,225,225,3,FFC72C,000000,1,Inbound
2250168,225,225,3,FFC72C,000000,1,Inbound
2260033,226,226,3,FFC72C,000000,0,Outbound
2260032,226,226,3,FFC72C,000000,1,Inbound
230202,23,23,3,FFC72C,000000,0,Outbound
230195,23,23,3,FFC72C,000000,0,Outbound
230196,23,23,3,FFC72C,000000,0,Outbound
660255-3,23,23,3,FFC72C,000000,0,Outbound
230193,23,23,3,FFC72C,000000,1,Inbound
230194,23,23,3,FFC72C,000000,1,Inbound
660254-1,23,23,3,FFC72C,000000,1,Inbound
2300147,230,230,3,FFC72C,000000,0,Outbound
2300149,230,230,3,FFC72C,000000,0,Outbound
2300148,230,230,3,FFC72C,000000,1,Inbound
2300146,230,230,3,FFC72C,000000,1,Inbound
2360067,236,236,3,FFC72C,000000,0,Outbound
2360070,236,236,3,FFC72C,000000,0,Outbound
2360068,236,236,3,FFC72C,000000,1,Inbound
2360069,236,236,3,FFC72C,000000,1,Inbound
2380230,238,238,3,FFC72C,000000,0,Outbound
2380231,238,238,3,FFC72C,000000,0,Outbound
2380227,238,238,3,FFC72C,000000,0,Outbound
2380228,238,238,3,FFC72C,000000,1,Inbound
2380233,238,238,3,FFC72C,000000,1,Inbound
2380229,238,238,3,FFC72C,000000,1,Inbound
240162,24,24,3,FFC72C,000000,0,Outbound
240161,24,24,3,FFC72C,000000,1,Inbound
2400244,240,240,3,FFC72C,000000,0,Outbound
2400246,240,240,3,FFC72C,000000,0,Outbound
2400245,240,240,3,FFC72C,000000,0,Outbound
2400225,240,240,3,FFC72C,000000,1,Inbound
2400220,240,240,3,FFC72C,000000,1,Inbound
2400229,240,240,3,FFC72C,000000,1,Inbound
2400222,240,240,3,FFC72C,000000,1,Inbound
2400227,240,240,3,FFC72C,000000,1,Inbound
2450094,245,245,3,FFC72C,000000,0,Outbound
2450095,245,245,3,FFC72C,000000,0,Outbound
2450068,245,245,3,FFC72C,000000,1,Inbound
2450091,245,245,3,FFC72C,000000,1,Inbound
260060,26,26,3,FFC72C,000000,0,Outbound
260061,26,26,3,FFC72C,000000,1,Inbound
280168,28,28,3,FFC72C,000000,0,Outbound
280171,28,28,3,FFC72C,000000,0,Outbound
280176,28,28,3,FFC72C,000000,1,Inbound
280169,28,28,3,FFC72C,000000,1,Inbound
280172,28,28,3,FFC72C,000000,1,Inbound
280173,28,28,3,FFC72C,000000,1,Inbound
290147,29,29,3,FFC72C,000000,0,Outbound
290145,29,29,3,FFC72C,000000,0,Outbound
290146,29,29,3,FFC72C,000000,1,Inbound
290144,29,29,3,FFC72C,000000,1,Inbound
300066,30,30,3,FFC72C,000000,0,Outbound
300076,30,30,3,FFC72C,000000,1,Inbound
310113,31,31,3,FFC72C,000000,0,Outbound
310116,31,31,3,FFC72C,000000,1,Inbound
320272,32,32,3,FFC72C,000000,0,Outbound
320284-2,32,32,3,FFC72C,000000,0,Outbound
320280,32,32,3,FFC72C,000000,0,Outbound
320285,32,32,3,FFC72C,000000,0,Outbound
320235,32,32,3,FFC72C,000000,0,Outbound
320273,32,32,3,FFC72C,000000,1,Inbound
320278,32,32,3,FFC72C,000000,1,Inbound
320283,32,32,3,FFC72C,000000,1,Inbound
320276-1,32,32,3,FFC72C,000000,1,Inbound
320221,32,32,3,FFC72C,000000,1,Inbound
330166,3233,32/33,3,FFC72C,000000,0,Outbound
330164,33,33,3,FFC72C,000000,0,Outbound
330165,33,33,3,FFC72C,000000,0,Outbound
330167,33,33,3,FFC72C,000000,0,Outbound
330163,33,33,3,FFC72C,000000,1,Inbound
330159,33,33,3,FFC72C,000000,1,Inbound
330161,33,33,3,FFC72C,000000,1,Inbound
330155,33,33,3,FFC72C,000000,1,Inbound
330160,33,33,3,FFC72C,000000,1,Inbound
340244,34,34,3,FFC72C,000000,0,Outbound
340246,34,34,3,FFC72C,000000,0,Outbound
340262,34,34,3,FFC72C,000000,0,Outbound
340263-2,34,34,3,FFC72C,000000,0,Outbound
340255,34,34,3,FFC72C,000000,1,Inbound
340258,34,34,3,FFC72C,000000,1,Inbound
340261,34,34,3,FFC72C,000000,1,Inbound
340257-1,34,34,3,FFC72C,000000,1,Inbound
34E0254,34E,34E,3,FFC72C,000000,0,Outbound
34E0247,34E,34E,3,FFC72C,000000,0,Outbound
34E0256,34E,34E,3,FFC72C,000000,1,Inbound
34E0257,34E,34E,3,FFC72C,000000,1,Inbound
350167,35,35,3,FFC72C,000000,0,Outbound
350166,35,35,3,FFC72C,000000,0,Outbound
350175,35,35,3,FFC72C,000000,0,Outbound
350172,35,35,3,FFC72C,000000,1,Inbound
350173,35,35,3,FFC72C,000000,1,Inbound
350162,35,35,3,FFC72C,000000,1,Inbound
3500204,350,350,3,FFC72C,000000,0,Outbound
3500205,350,350,3,FFC72C,000000,0,Outbound
3500207,350,350,3,FFC72C,000000,0,Outbound
3500208,350,350,3,FFC72C,000000,1,Inbound
3500206,350,350,3,FFC72C,000000,1,Inbound
3510113,351,351,3,FFC72C,000000,0,Outbound
3510110,351,351,3,FFC72C,000000,0,Outbound
3510112,351,351,3,FFC72C,000000,1,Inbound
3510111,351,351,3,FFC72C,000000,1,Inbound
3540136,354,354,3,FFC72C,000000,0,Outbound
3540137,354,354,3,FFC72C,000000,0,Outbound
3540131,354,354,3,FFC72C,000000,1,Inbound
3540126,354,354,3,FFC72C,000000,1,Inbound
360315,36,36,3,FFC72C,000000,0,Outbound
360316,36,36,3,FFC72C,000000,0,Outbound
360317,36,36,3,FFC72C,000000,0,Outbound
360337,36,36,3,FFC72C,000000,0,Outbound
360336-2,36,36,3,FFC72C,000000,0,Outbound
360329,36,36,3,FFC72C,000000,1,Inbound
360327,36,36,3,FFC72C,000000,1,Inbound
360328,36,36,3,FFC72C,000000,1,Inbound
360335,36,36,3,FFC72C,000000,1,Inbound
360333,36,36,3,FFC72C,000000,1,Inbound
360332-1,36,36,3,FFC72C,000000,1,Inbound
370098,37,37,3,FFC72C,000000,0,Outbound
370126-2,37,37,3,FFC72C,000000,0,Outbound
370123,37,37,3,FFC72C,000000,1,Inbound
370124,37,37,3,FFC72C,000000,1,Inbound
370125-1,37,37,3,FFC72C,000000,1,Inbound
380160,38,38,3,FFC72C,000000,0,Outbound
380161,38,38,3,FFC72C,000000,0,Outbound
380162-2,38,38,3,FFC72C,000000,0,Outbound
380152,38,38,3,FFC72C,000000,1,Inbound
380153-1,38,38,3,FFC72C,000000,1,Inbound
380154-1,38,38,3,FFC72C,000000,1,Inbound
1920051,39,39,3,FFC72C,000000,0,Outbound
390152,39,39,3,FFC72C,000000,0,Outbound
390153,39,39,3,FFC72C,000000,0,Outbound
340263-1,39,39,3,FFC72C,000000,0,Outbound
360336-1,39,39,3,FFC72C,000000,0,Outbound
370126-1,39,39,3,FFC72C,000000,0,Outbound
380162-1,39,39,3,FFC72C,000000,0,Outbound
210128-1,39,39,3,FFC72C,000000,0,Outbound
320284-1,39,39,3,FFC72C,000000,0,Outbound
1920050,39,39,3,FFC72C,000000,1,Inbound
390145,39,39,3,FFC72C,000000,1,Inbound
390143,39,39,3,FFC72C,000000,1,Inbound
210129-2,39,39,3,FFC72C,000000,1,Inbound
320276-2,39,39,3,FFC72C,000000,1,Inbound
340257-2,39,39,3,FFC72C,000000,1,Inbound
360332-2,39,39,3,FFC72C,000000,1,Inbound
370125-2,39,39,3,FFC72C,000000,1,Inbound
380154-2,39,39,3,FFC72C,000000,1,Inbound
380153-2,39,39,3,FFC72C,000000,1,Inbound
4-3-0,4,4,3,FFC72C,000000,0,Outbound
040073,4,4,3,FFC72C,000000,0,Outbound
4-3-1,4,4,3,FFC72C,000000,1,Inbound
040072,4,4,3,FFC72C,000000,1,Inbound
400100,40,40,3,FFC72C,000000,0,Outbound
400102,40,40,3,FFC72C,000000,0,Outbound
400104,40,40,3,FFC72C,000000,1,Inbound
400105,40,40,3,FFC72C,000000,1,Inbound
400107,4050,40/50,3,FFC72C,000000,0,Outbound
400108,4050,40/50,3,FFC72C,000000,1,Inbound
410103,41,41,3,FFC72C,000000,0,Outbound
410101,41,41,3,FFC72C,000000,1,Inbound
4110144,411,411,3,FFC72C,000000,0,Outbound
4110145,411,411,3,FFC72C,000000,0,Outbound
4110139,411,411,3,FFC72C,000000,1,Inbound
4110141,411,411,3,FFC72C,000000,1,Inbound
420091,42,42,3,FFC72C,000000,0,Outbound
420092,42,42,3,FFC72C,000000,1,Inbound
4240076,424,424,3,FFC72C,000000,0,Outbound
4240075,424,424,3,FFC72C,000000,1,Inbound
4260253,426,426,3,FFC72C,000000,0,Outbound
4260269,426,426,3,FFC72C,000000,0,Outbound
4260270,426,426,3,FFC72C,000000,0,Outbound
4260255,426,426,3,FFC72C,000000,0,Outbound
4260254,426,426,3,FFC72C,000000,0,Outbound
4260268,426,426,3,FFC72C,000000,1,Inbound
4260267,426,426,3,FFC72C,000000,1,Inbound
4280046,428,428,3,FFC72C,000000,0,Outbound
4280047,428,428,3,FFC72C,000000,1,Inbound
4290266,429,429,3,FFC72C,000000,0,Outbound
4290265,429,429,3,FFC72C,000000,0,Outbound
4290264,429,429,3,FFC72C,000000,0,Outbound
4290268,429,429,3,FFC72C,000000,0,Outbound
4290269,429,429,3,FFC72C,000000,0,Outbound
4290262,429,429,3,FFC72C,000000,1,Inbound
4290261,429,429,3,FFC72C,000000,1,Inbound
4290263,429,429,3,FFC72C,000000,1,Inbound
4290270,429,429,3,FFC72C,000000,1,Inbound
4290267,429,429,3,FFC72C,000000,1,Inbound
430050,43,43,3,FFC72C,000000,0,Outbound
430054,43,43,3,FFC72C,000000,1,Inbound
4300166,430,430,3,FFC72C,000000,0,Outbound
4300170,430,430,3,FFC72C,000000,0,Outbound
4300167,430,430,3,FFC72C,000000,0,Outbound
4300168,430,430,3,FFC72C,000000,0,Outbound
4300160,430,430,3,FFC72C,000000,1,Inbound
4300165,430,430,3,FFC72C,000000,1,Inbound
4300162,430,430,3,FFC72C,000000,1,Inbound
4350227,435,435,3,FFC72C,000000,0,Outbound
4350225,435,435,3,FFC72C,000000,0,Outbound
4350228,435,435,3,FFC72C,000000,0,Outbound
4350231,435,435,3,FFC72C,000000,0,Outbound
4350224,435,435,3,FFC72C,000000,1,Inbound
4350226,435,435,3,FFC72C,000000,1,Inbound
4350229,435,435,3,FFC72C,000000,1,Inbound
4350230,435,435,3,FFC72C,000000,1,Inbound
4360250,436,436,3,FFC72C,000000,0,Outbound
4360247,436,436,3,FFC72C,000000,0,Outbound
4360248,436,436,3,FFC72C,000000,0,Outbound
4360230,436,436,3,FFC72C,000000,1,Inbound
4360237,436,436,3,FFC72C,000000,1,Inbound
4360239,436,436,3,FFC72C,000000,1,Inbound
4360252,436,436,3,FFC72C,000000,1,Inbound
4360253,436,436,3,FFC72C,000000,1,Inbound
4360254,436,436,3,FFC72C,000000,1,Inbound
4390091,439,439,3,FFC72C,000000,0,Outbound
4390090,439,439,3,FFC72C,000000,0,Outbound
4390084,439,439,3,FFC72C,000000,1,Inbound
4390087,439,439,3,FFC72C,000000,1,Inbound
440140,44,44,3,FFC72C,000000,0,Outbound
440139,44,44,3,FFC72C,000000,0,Outbound
440141,44,44,3,FFC72C,000000,1,Inbound
4410207,441,441,3,FFC72C,000000,0,Outbound
4410208,441,441,3,FFC72C,000000,0,Outbound
4410206,441,441,3,FFC72C,000000,0,Outbound
4410203,441,441,3,FFC72C,000000,1,Inbound
4410205,441,441,3,FFC72C,000000,1,Inbound
4420237,441442,441/442,3,FFC72C,000000,0,Outbound
4420223,441442,441/442,3,FFC72C,000000,1,Inbound
4420236,442,442,3,FFC72C,000000,0,Outbound
4420239,442,442,3,FFC72C,000000,0,Outbound
4420238,442,442,3,FFC72C,000000,0,Outbound
4420229,442,442,3,FFC72C,000000,1,Inbound
4420244,442,442,3,FFC72C,000000,1,Inbound
4420232,442,442,3,FFC72C,000000,1,Inbound
450152,45,45,3,FFC72C,000000,0,Outbound
450139,45,45,3,FFC72C,000000,0,Outbound
450137,45,45,3,FFC72C,000000,0,Outbound
450138,45,45,3,FFC72C,000000,1,Inbound
450144,45,45,3,FFC72C,000000,1,Inbound
450136,45,45,3,FFC72C,000000,1,Inbound
4500174,450,450,3,FFC72C,000000,0,Outbound
4500173,450,450,3,FFC72C,000000,0,Outbound
4500180,450,450,3,FFC72C,000000,0,Outbound
4500184,450,450,3,FFC72C,000000,1,Inbound
4500183,450,450,3,FFC72C,000000,1,Inbound
4500189,450,450,3,FFC72C,000000,1,Inbound
4510065,451,451,3,FFC72C,000000,0,Outbound
4510063,451,451,3,FFC72C,000000,0,Outbound
4510064,451,451,3,FFC72C,000000,1,Inbound
4510062,451,451,3,FFC72C,000000,1,Inbound
4550271,455,455,3,FFC72C,000000,0,Outbound
4550272,455,455,3,FFC72C,000000,0,Outbound
4550278,455,455,3,FFC72C,000000,1,Inbound
4550280,455,455,3,FFC72C,000000,1,Inbound
4550281,455,455,3,FFC72C,000000,1,Inbound
4550279,455,455,3,FFC72C,000000,1,Inbound
4560077,456,456,3,FFC72C,000000,0,Outbound
4560076,456,456,3,FFC72C,000000,1,Inbound
470173,47,47,3,FFC72C,000000,0,Outbound
470174,47,47,3,FFC72C,000000,1,Inbound
500063,50,50,3,FFC72C,000000,0,Outbound
500064,50,50,3,FFC72C,000000,1,Inbound
5010128,501,501,3,FFC72C,000000,0,Outbound
5010127,501,501,3,FFC72C,000000,0,Outbound
5010114,501,501,3,FFC72C,000000,1,Inbound
5010132,501,501,3,FFC72C,000000,1,Inbound
5040108,504,504,3,FFC72C,000000,0,Outbound
5040107,504,504,3,FFC72C,000000,1,Inbound
5050088,505,505,3,FFC72C,000000,0,Outbound
5050089,505,505,3,FFC72C,000000,0,Outbound
5050085,505,505,3,FFC72C,000000,1,Inbound
5050083,505,505,3,FFC72C,000000,1,Inbound
510143,51,51,3,FFC72C,000000,0,Outbound
510144,51,51,3,FFC72C,000000,1,Inbound
520214,52,52,3,FFC72C,000000,0,Outbound
520212,52,52,3,FFC72C,000000,0,Outbound
520213,52,52,3,FFC72C,000000,1,Inbound
520211,52,52,3,FFC72C,000000,1,Inbound
550088,55,55,3,FFC72C,000000,0,Outbound
550089,55,55,3,FFC72C,000000,1,Inbound
5530142,553,553,3,FFC72C,000000,0,Outbound
553-6-0,553,553,3,FFC72C,000000,0,Outbound
5530143,553,553,3,FFC72C,000000,1,Inbound
5540094,554,554,3,FFC72C,000000,0,Outbound
5540093,554,554,3,FFC72C,000000,1,Inbound
5560063,556,556,3,FFC72C,000000,0,Outbound
5560066,556,556,3,FFC72C,000000,1,Inbound
5580084,558,558,3,FFC72C,000000,0,Outbound
5580085,558,558,3,FFC72C,000000,1,Inbound
1930066,57,57,3,FFC72C,000000,0,Outbound
570243,57,57,3,FFC72C,000000,0,Outbound
57-8-0,57,57,3,FFC72C,000000,0,Outbound
570228,57,57,3,FFC72C,000000,0,Outbound
660254-3,57,57,3,FFC72C,000000,0,Outbound
1930065,57,57,3,FFC72C,000000,1,Inbound
570242,57,57,3,FFC72C,000000,1,Inbound
570222,57,57,3,FFC72C,000000,1,Inbound
570232-1,57,57,3,FFC72C,000000,1,Inbound
570231,57,57,3,FFC72C,000000,1,Inbound
660255-1,57,57,3,FFC72C,000000,1,Inbound
660237-1,57,57,3,FFC72C,000000,1,Inbound
590092,59,59,3,FFC72C,000000,0,Outbound
590094,59,59,3,FFC72C,000000,0,Outbound
590093,59,59,3,FFC72C,000000,1,Inbound
590095,59,59,3,FFC72C,000000,1,Inbound
600188,60,60,3,FFC72C,000000,0,Outbound
600185,60,60,3,FFC72C,000000,0,Outbound
600186,60,60,3,FFC72C,000000,0,Outbound
600187,60,60,3,FFC72C,000000,0,Outbound
600174,60,60,3,FFC72C,000000,1,Inbound
600168,60,60,3,FFC72C,000000,1,Inbound
600173,60,60,3,FFC72C,000000,1,Inbound
610028,61,61,3,FFC72C,000000,0,Outbound
610029,61,61,3,FFC72C,000000,1,Inbound
620182,62,62,3,FFC72C,000000,0,Outbound
620172,62,62,3,FFC72C,000000,1,Inbound
620185,627,62/76,3,FFC72C,000000,0,Outbound
620183,627,62/76,3,FFC72C,000000,0,Outbound
620184,627,62/76,3,FFC72C,000000,1,Inbound
620186,627,62/76,3,FFC72C,000000,1,Inbound
640168,64,64,3,FFC72C,000000,0,Outbound
640167,64,64,3,FFC72C,000000,0,Outbound
640170,64,64,3,FFC72C,000000,0,Outbound
640172,64,64,3,FFC72C,000000,1,Inbound
640171,64,64,3,FFC72C,000000,1,Inbound
650101,65,65,3,FFC72C,000000,0,Outbound
650102,65,65,3,FFC72C,000000,1,Inbound
660250,66,66,3,FFC72C,000000,0,Outbound
660231,66,66,3,FFC72C,000000,0,Outbound
660254-2,66,66,3,FFC72C,000000,0,Outbound
660262,66,66,3,FFC72C,000000,1,Inbound
660235,66,66,3,FFC72C,000000,1,Inbound
660255-2,66,66,3,FFC72C,000000,1,Inbound
660237-2,66,66,3,FFC72C,000000,1,Inbound
670056,67,67,3,FFC72C,000000,0,Outbound
670057,67,67,3,FFC72C,000000,1,Inbound
680052,68,68,3,FFC72C,000000,0,Outbound
680051,68,68,3,FFC72C,000000,1,Inbound
690124,69,69,3,FFC72C,000000,0,Outbound
690123,69,69,3,FFC72C,000000,1,Inbound
690125,69,69,3,FFC72C,000000,1,Inbound
070139,7,7,3,FFC72C,000000,0,Outbound
070148,7,7,3,FFC72C,000000,0,Outbound
070152,7,7,3,FFC72C,000000,1,Inbound
070153,7,7,3,FFC72C,000000,1,Inbound
700254,70,70,3,FFC72C,000000,0,Outbound
700248,70,70,3,FFC72C,000000,0,Outbound
700250,70,70,3,FFC72C,000000,0,Outbound
700253,70,70,3,FFC72C,000000,0,Outbound
700255,70,70,3,FFC72C,000000,1,Inbound
700249,70,70,3,FFC72C,000000,1,Inbound
700251,70,70,3,FFC72C,000000,1,Inbound
700252,70,70,3,FFC72C,000000,1,Inbound
7080080,708,CT3,3,FFC72C,000000,0,Outbound
7080081,708,CT3,3,FFC72C,000000,0,Outbound
7080063,708,CT3,3,FFC72C,000000,1,Inbound
7080067,708,CT3,3,FFC72C,000000,1,Inbound
710109,71,71,3,FFC72C,000000,0,Outbound
710110,71,71,3,FFC72C,000000,0,Outbound
710106,71,71,3,FFC72C,000000,0,Outbound
710108,71,71,3,FFC72C,000000,1,Inbound
710111,71,71,3,FFC72C,000000,1,Inbound
710107,71,71,3,FFC72C,000000,1,Inbound
7120087,712,712,3,FFC72C,000000,0,Outbound
7120088,712,712,3,FFC72C,000000,0,Outbound
7120089,712,712,3,FFC72C,000000,1,Inbound
7120085,712,712,3,FFC72C,000000,1,Inbound
7130071,713,713,3,FFC72C,000000,0,Outbound
7130068,713,713,3,FFC72C,000000,0,Outbound
7130069,713,713,3,FFC72C,000000,1,Inbound
7130070,713,713,3,FFC72C,000000,1,Inbound
7140012,714,714,3,FFC72C,000000,0,Outbound
7140010,714,714,3,FFC72C,000000,1,Inbound
7160024,716,716,3,FFC72C,000000,0,Outbound
7160025,716,716,3,FFC72C,000000,0,Outbound
7160023,716,716,3,FFC72C,000000,1,Inbound
7160026,716,716,3,FFC72C,000000,1,Inbound
730152,73,73,3,FFC72C,000000,0,Outbound
730154,73,73,3,FFC72C,000000,0,Outbound
730153,73,73,3,FFC72C,000000,1,Inbound
730155,73,73,3,FFC72C,000000,1,Inbound
740075,74,74,3,FFC72C,000000,0,Outbound
740077,74,74,3,FFC72C,000000,1,Inbound
7410035,741,SL1,3,7C878E,FFFFFF,0,Outbound
7410040,741,SL1,3,7C878E,FFFFFF,1,Inbound
7410037,741,SL1,3,7C878E,FFFFFF,1,Inbound
7420061,742,SL2,3,7C878E,FFFFFF,0,Outbound
7420063,742,SL2,3,7C878E,FFFFFF,1,Inbound
7430022,743,SL3,3,7C878E,FFFFFF,0,Outbound
7430028,743,SL3,3,7C878E,FFFFFF,1,Inbound
7430024,743,SL3,3,7C878E,FFFFFF,1,Inbound
7460023,746,SLW,3,7C878E,FFFFFF,0,Outbound
7460022,746,SLW,3,7C878E,FFFFFF,1,Inbound
7470071,747,CT2,3,FFC72C,000000,0,Outbound
7470070,747,CT2,3,FFC72C,000000,1,Inbound
7490037,749,SL5,3,7C878E,FFFFFF,0,Outbound
7490036,749,SL5,3,7C878E,FFFFFF,1,Inbound
750090,75,75,3,FFC72C,000000,0,Outbound
750080,75,75,3,FFC72C,000000,0,Outbound
750093,75,75,3,FFC72C,000000,1,Inbound
750092,75,75,3,FFC72C,000000,1,Inbound
7510042,751,SL4,3,7C878E,FFFFFF,0,Outbound
7510040,751,SL4,3,7C878E,FFFFFF,1,Inbound
760137,76,76,3,FFC72C,000000,0,Outbound
760136,76,76,3,FFC72C,000000,0,Outbound
760141,76,76,3,FFC72C,000000,1,Inbound
760140,76,76,3,FFC72C,000000,1,Inbound
770135,77,77,3,FFC72C,000000,0,Outbound
770115,77,77,3,FFC72C,000000,1,Inbound
770117,77,77,3,FFC72C,000000,1,Inbound
780136,78,78,3,FFC72C,000000,0,Outbound
780137,78,78,3,FFC72C,000000,1,Inbound
080226,8,8,3,FFC72C,000000,0,Outbound
080230,8,8,3,FFC72C,000000,0,Outbound
8-9-0,8,8,3,FFC72C,000000,0,Outbound
570232-2,8,8,3,FFC72C,000000,0,Outbound
080228,8,8,3,FFC72C,000000,1,Inbound
080227,8,8,3,FFC72C,000000,1,Inbound
220237-2,8,8,3,FFC72C,000000,1,Inbound
800109,80,80,3,FFC72C,000000,0,Outbound
800112,80,80,3,FFC72C,000000,1,Inbound
830113,83,83,3,FFC72C,000000,0,Outbound
830116,83,83,3,FFC72C,000000,0,Outbound
830115,83,83,3,FFC72C,000000,1,Inbound
850079,85,85,3,FFC72C,000000,0,Outbound
850078,85,85,3,FFC72C,000000,1,Inbound
860151,86,86,3,FFC72C,000000,0,Outbound
860156,86,86,3,FFC72C,000000,1,Inbound
870186,87,87,3,FFC72C,000000,0,Outbound
870185,87,87,3,FFC72C,000000,0,Outbound
870183,87,87,3,FFC72C,000000,1,Inbound
870184,87,87,3,FFC72C,000000,1,Inbound
880150,88,88,3,FFC72C,000000,0,Outbound
880151,88,88,3,FFC72C,000000,0,Outbound
880155,88,88,3,FFC72C,000000,1,Inbound
890190,89,89,3,FFC72C,000000,0,Outbound
890191,89,89,3,FFC72C,000000,0,Outbound
890189,89,89,3,FFC72C,000000,1,Inbound
890192,89,89,3,FFC72C,000000,1,Inbound
1940080,8993,89/93,3,FFC72C,000000,0,Outbound
1940081,8993,89/93,3,FFC72C,000000,1,Inbound
090224,9,9,3,FFC72C,000000,0,Outbound
090234,9,9,3,FFC72C,000000,0,Outbound
090226,9,9,3,FFC72C,000000,0,Outbound
090223,9,9,3,FFC72C,000000,1,Inbound
090227,9,9,3,FFC72C,000000,1,Inbound
900111,90,90,3,FFC72C,000000,0,Outbound
900112,90,90,3,FFC72C,000000,1,Inbound
910114,91,91,3,FFC72C,000000,0,Outbound
910126,91,91,3,FFC72C,000000,1,Inbound
920135,92,92,3,FFC72C,000000,0,Outbound
920137,92,92,3,FFC72C,000000,0,Outbound
920152,92,92,3,FFC72C,000000,1,Inbound
920143,92,92,3,FFC72C,000000,1,Inbound
930176,93,93,3,FFC72C,000000,0,Outbound
930162,93,93,3,FFC72C,000000,0,Outbound
930178,93,93,3,FFC72C,000000,0,Outbound
930180,93,93,3,FFC72C,000000,1,Inbound
930183,93,93,3,FFC72C,000000,1,Inbound
930168,93,93,3,FFC72C,000000,1,Inbound
930181,93,93,3,FFC72C,000000,1,Inbound
940132,94,94,3,FFC72C,000000,0,Outbound
940133,94,94,3,FFC72C,000000,0,Outbound
940138,94,94,3,FFC72C,000000,1,Inbound
950253,95,95,3,FFC72C,000000,0,Outbound
950254,95,95,3,FFC72C,000000,0,Outbound
950229,95,95,3,FFC72C,000000,0,Outbound
950231,95,95,3,FFC72C,000000,0,Outbound
950256,95,95,3,FFC72C,000000,1,Inbound
950255,95,95,3,FFC72C,000000,1,Inbound
950248,95,95,3,FFC72C,000000,1,Inbound
960118,96,96,3,FFC72C,000000,0,Outbound
960124,96,96,3,FFC72C,000000,1,Inbound
970075,97,97,3,FFC72C,000000,0,Outbound
970078,97,97,3,FFC72C,000000,1,Inbound
990130,99,99,3,FFC72C,000000,0,Outbound
990131,99,99,3,FFC72C,000000,0,Outbound
990129,99,99,3,FFC72C,000000,1,Inbound
990132,99,99,3,FFC72C,000000,1,Inbound
946_0013,Blue,Blue Line,1,003DA5,FFFFFF,0,West
948_0005,Blue,Blue Line,1,003DA5,FFFFFF,0,West
canonical-946_0013,Blue,Blue Line,1,003DA5,FFFFFF,0,West
946_0014,Blue,Blue Line,1,003DA5,FFFFFF,1,East
946_0015,Blue,Blue Line,1,003DA5,FFFFFF,1,East
canonical-946_0014,Blue,Blue Line,1,003DA5,FFFFFF,1,East
LongWharfToLewisWharf-F,Boat-EastBoston,East Boston Ferry,4,008EAA,FFFFFF,0,Outbound
LewisWharfToLongWharf-F,Boat-EastBoston,East Boston Ferry,4,008EAA,FFFFFF,1,Inbound
b0006,Boat-F1,Hingham/Hull Ferry,4,008EAA,FFFFFF,0,Outbound
b0001,Boat-F1,Hingham/Hull Ferry,4,008EAA,FFFFFF,0,Outbound
b0014,Boat-F1,Hingham/Hull Ferry,4,008EAA,FFFFFF,0,Outbound
b0002,Boat-F1,Hingham/Hull Ferry,4,008EAA,FFFFFF,0,Outbound
b0008,Boat-F1,Hingham/Hull Ferry,4,008EAA,FFFFFF,0,Outbound
b0012,Boat-F1,Hingham/Hull Ferry,4,008EAA,FFFFFF,0,Outbound
b0021,Boat-F1,Hingham/Hull Ferry,4,008EAA,FFFFFF,0,Outbound
b0010,Boat-F1,Hingham/Hull Ferry,4,008EAA,FFFFFF,0,Outbound
b0004,Boat-F1,Hingham/Hull Ferry,4,008EAA,FFFFFF,0,Outbound
b0007,Boat-F1,Hingham/Hull Ferry,4,008EAA,FFFFFF,1,Inbound
b0016,Boat-F1,Hingham/Hull Ferry,4,008EAA,FFFFFF,1,Inbound
b0015,Boat-F1,Hingham/Hull Ferry,4,008EAA,FFFFFF,1,Inbound
b0003,Boat-F1,Hingham/Hull Ferry,4,008EAA,FFFFFF,1,Inbound
b0009,Boat-F1,Hingham/Hull Ferry,4,008EAA,FFFFFF,1,Inbound
b0013,Boat-F1,Hingham/Hull Ferry,4,008EAA,FFFFFF,1,Inbound
b0020,Boat-F1,Hingham/Hull Ferry,4,008EAA,FFFFFF,1,Inbound
b0005,Boat-F1,Hingham/Hull Ferry,4,008EAA,FFFFFF,1,Inbound
b0017,Boat-F4,Charlestown Ferry,4,008EAA,FFFFFF,0,Outbound
b0018,Boat-F4,Charlestown Ferry,4,008EAA,FFFFFF,1,Inbound
CentralWharfToFanPierToQuincyToWinthrop-F,Boat-F6,Winthrop Ferry,4,008EAA,FFFFFF,0,Outbound
CentralWharfToFanPierToWinthrop-F,Boat-F6,Winthrop Ferry,4,008EAA,FFFFFF,0,Outbound
CentralWharfToQuincyToWinthrop-F,Boat-F6,Winthrop Ferry,4,008EAA,FFFFFF,0,Outbound
CentralWharfToWinthrop-F,Boat-F6,Winthrop Ferry,4,008EAA,FFFFFF,0,Outbound
QuincyToWinthrop-F,Boat-F6,Winthrop Ferry,4,008EAA,FFFFFF,0,Outbound
WinthropToQuincyToLoganToCentralWharf-F,Boat-F6,Winthrop Ferry,4,008EAA,FFFFFF,1,Inbound
WinthropToLoganToFanPierToCentralWharf-F,Boat-F6,Winthrop Ferry,4,008EAA,FFFFFF,1,Inbound
WinthropToLoganToCentralWharf-F,Boat-F6,Winthrop Ferry,4,008EAA,FFFFFF,1,Inbound
WinthropToQuincy-F,Boat-F6,Winthrop Ferry,4,008EAA,FFFFFF,1,Inbound
LongWharfNorthToLynn-S,Boat-Lynn,Lynn Ferry,4,008EAA,FFFFFF,0,Outbound
LynnToLongWharfNorth-S,Boat-Lynn,Lynn Ferry,4,008EAA,FFFFFF,1,Inbound
9870002,CR-Fairmount,Fairmount Line,2,80276C,FFFFFF,0,Outbound
canonical-9870002,CR-Fairmount,Fairmount Line,2,80276C,FFFFFF,0,Outbound
9870001,CR-Fairmount,Fairmount Line,2,80276C,FFFFFF,1,Inbound
canonical-9870001,CR-Fairmount,Fairmount Line,2,80276C,FFFFFF,1,Inbound
9840004,CR-Fitchburg,Fitchburg Line,2,80276C,FFFFFF,0,Outbound
canonical-9840004,CR-Fitchburg,Fitchburg Line,2,80276C,FFFFFF,0,Outbound
9840003,CR-Fitchburg,Fitchburg Line,2,80276C,FFFFFF,1,Inbound
canonical-9840003,CR-Fitchburg,Fitchburg Line,2,80276C,FFFFFF,1,Inbound
SouthStationToFoxboroViaBackBay,CR-Foxboro,Foxboro Event Service,2,80276C,FFFFFF,0,Outbound
canonical-SouthStationToFoxboroViaBackBay,CR-Foxboro,Foxboro Event Service,2,80276C,FFFFFF,0,Outbound
canonical-SouFoxProv,CR-Foxboro,Foxboro Event Service,2,80276C,FFFFFF,0,Outbound
ProvidenceToSouthStationViaFoxboro,CR-Foxboro,Foxboro Event Service,2,80276C,FFFFFF,1,Inbound
canonical-FoxboroToSouthStationViaBackBay,CR-Foxboro,Foxboro Event Service,2,80276C,FFFFFF,1,Inbound
canonical-ProvidenceToSouthStationViaFoxboro,CR-Foxboro,Foxboro Event Service,2,80276C,FFFFFF,1,Inbound
9880006,CR-Franklin,Franklin/Foxboro Line,2,80276C,FFFFFF,0,Outbound
SouthStationToFoxboroViaBackBay,CR-Franklin,Franklin/Foxboro Line,2,80276C,FFFFFF,0,Outbound
SouthStationToFoxboroViaFairmount,CR-Franklin,Franklin/Foxboro Line,2,80276C,FFFFFF,0,Outbound
9880003,CR-Franklin,Franklin/Foxboro Line,2,80276C,FFFFFF,0,Outbound
canonical-9880006,CR-Franklin,Franklin/Foxboro Line,2,80276C,FFFFFF,0,Outbound
canonical-SouthStationToFoxboroViaBackBay,CR-Franklin,Franklin/Foxboro Line,2,80276C,FFFFFF,0,Outbound
9880005,CR-Franklin,Franklin/Foxboro Line,2,80276C,FFFFFF,1,Inbound
FoxboroToSouthStationViaFairmount,CR-Franklin,Franklin/Foxboro Line,2,80276C,FFFFFF,1,Inbound
FoxboroToSouthStationViaBackBay,CR-Franklin,Franklin/Foxboro Line,2,80276C,FFFFFF,1,Inbound
9880002,CR-Franklin,Franklin/Foxboro Line,2,80276C,FFFFFF,1,Inbound
canonical-9880005,CR-Franklin,Franklin/Foxboro Line,2,80276C,FFFFFF,1,Inbound
canonical-FoxboroToSouthStationViaBackBay,CR-Franklin,Franklin/Foxboro Line,2,80276C,FFFFFF,1,Inbound
9900002,CR-Greenbush,Greenbush Line,2,80276C,FFFFFF,0,Outbound
BraintreeToGreenbush,CR-Greenbush,Greenbush Line,2,80276C,FFFFFF,0,Outbound
canonical-9900002,CR-Greenbush,Greenbush Line,2,80276C,FFFFFF,0,Outbound
9900001,CR-Greenbush,Greenbush Line,2,80276C,FFFFFF,1,Inbound
GreenbushToBraintree,CR-Greenbush,Greenbush Line,2,80276C,FFFFFF,1,Inbound
canonical-9900001,CR-Greenbush,Greenbush Line,2,80276C,FFFFFF,1,Inbound
9820002,CR-Haverhill,Haverhill Line,2,80276C,FFFFFF,0,Outbound
9820004,CR-Haverhill,Haverhill Line,2,80276C,FFFFFF,0,Outbound
canonical-9820002,CR-Haverhill,Haverhill Line,2,80276C,FFFFFF,0,Outbound
9820001,CR-Haverhill,Haverhill Line,2,80276C,FFFFFF,1,Inbound
9820003,CR-Haverhill,Haverhill Line,2,80276C,FFFFFF,1,Inbound
canonical-9820001,CR-Haverhill,Haverhill Line,2,80276C,FFFFFF,1,Inbound
9790002,CR-Kingston,Kingston Line,2,80276C,FFFFFF,0,Outbound
canonical-9790002,CR-Kingston,Kingston Line,2,80276C,FFFFFF,0,Outbound
9790001,CR-Kingston,Kingston Line,2,80276C,FFFFFF,1,Inbound
canonical-9790001,CR-Kingston,Kingston Line,2,80276C,FFFFFF,1,Inbound
9830006,CR-Lowell,Lowell Line,2,80276C,FFFFFF,0,Outbound
canonical-9830006,CR-Lowell,Lowell Line,2,80276C,FFFFFF,0,Outbound
9830005,CR-Lowell,Lowell Line,2,80276C,FFFFFF,1,Inbound
canonical-9830005,CR-Lowell,Lowell Line,2,80276C,FFFFFF,1,Inbound
9800002,CR-Middleborough,Middleborough/Lakeville Line,2,80276C,FFFFFF,0,Outbound
canonical-9800002,CR-Middleborough,Middleborough/Lakeville Line,2,80276C,FFFFFF,0,Outbound
9800001,CR-Middleborough,Middleborough/Lakeville Line,2,80276C,FFFFFF,1,Inbound
canonical-9800001,CR-Middleborough,Middleborough/Lakeville Line,2,80276C,FFFFFF,1,Inbound
9860002,CR-Needham,Needham Line,2,80276C,FFFFFF,0,Outbound
canonical-9860002,CR-Needham,Needham Line,2,80276C,FFFFFF,0,Outbound
9860001,CR-Needham,Needham Line,2,80276C,FFFFFF,1,Inbound
canonical-9860001,CR-Needham,Needham Line,2,80276C,FFFFFF,1,Inbound
9810007,CR-Newburyport,Newburyport/Rockport Line,2,80276C,FFFFFF,0,Outbound
9810002,CR-Newburyport,Newburyport/Rockport Line,2,80276C,FFFFFF,0,Outbound
canonical-9810002,CR-Newburyport,Newburyport/Rockport Line,2,80276C,FFFFFF,0,Outbound
canonical-9810007,CR-Newburyport,Newburyport/Rockport Line,2,80276C,FFFFFF,0,Outbound
9810006,CR-Newburyport,Newburyport/Rockport Line,2,80276C,FFFFFF,1,Inbound
9810001,CR-Newburyport,Newburyport/Rockport Line,2,80276C,FFFFFF,1,Inbound
canonical-9810001,CR-Newburyport,Newburyport/Rockport Line,2,80276C,FFFFFF,1,Inbound
canonical-9810006,CR-Newburyport,Newburyport/Rockport Line,2,80276C,FFFFFF,1,Inbound
9890009,CR-Providence,Providence/Stoughton Line,2,80276C,FFFFFF,0,Outbound
SouthStationToStoughtonViaFairmount,CR-Providence,Providence/Stoughton Line,2,80276C,FFFFFF,0,Outbound
9890004,CR-Providence,Providence/Stoughton Line,2,80276C,FFFFFF,0,Outbound
canonical-9890009,CR-Providence,Providence/Stoughton Line,2,80276C,FFFFFF,0,Outbound
canonical-9890004,CR-Providence,Providence/Stoughton Line,2,80276C,FFFFFF,0,Outbound
9890008,CR-Providence,Providence/Stoughton Line,2,80276C,FFFFFF,1,Inbound
9890003,CR-Providence,Providence/Stoughton Line,2,80276C,FFFFFF,1,Inbound
canonical-9890008,CR-Providence,Providence/Stoughton Line,2,80276C,FFFFFF,1,Inbound
canonical-9890003,CR-Providence,Providence/Stoughton Line,2,80276C,FFFFFF,1,Inbound
9850002,CR-Worcester,Framingham/Worcester Line,2,80276C,FFFFFF,0,Outbound
canonical-9850002,CR-Worcester,Framingham/Worcester Line,2,80276C,FFFFFF,0,Outbound
9850001,CR-Worcester,Framingham/Worcester Line,2,80276C,FFFFFF,1,Inbound
canonical-9850001,CR-Worcester,Framingham/Worcester Line,2,80276C,FFFFFF,1,Inbound
canonical-cf00002,CapeFlyer,CapeFLYER,2,006595,FFFFFF,0,Outbound
canonical-cf00001,CapeFlyer,CapeFLYER,2,006595,FFFFFF,1,Inbound
8000013,Green-B,B,0,00843D,FFFFFF,0,West
8000025,Green-B,B,0,00843D,FFFFFF,0,West
8000019,Green-B,B,0,00843D,FFFFFF,0,West
8000019-70512-70202-2,Green-B,B,0,00843D,FFFFFF,0,West
canonical-8000013,Green-B,B,0,00843D,FFFFFF,0,West
8000012,Green-B,B,0,00843D,FFFFFF,1,East
8000014,Green-B,B,0,00843D,FFFFFF,1,East
8000014-70201-70511-0,Green-B,B,0,00843D,FFFFFF,1,East
canonical-8000012,Green-B,B,0,00843D,FFFFFF,1,East
8000006,Green-C,C,0,00843D,FFFFFF,0,West
8000026,Green-C,C,0,00843D,FFFFFF,0,West
8000017,Green-C,C,0,00843D,FFFFFF,0,West
8000017-70512-70202-2,Green-C,C,0,00843D,FFFFFF,0,West
canonical-8000006,Green-C,C,0,00843D,FFFFFF,0,West
8000005,Green-C,C,0,00843D,FFFFFF,1,East
8000016,Green-C,C,0,00843D,FFFFFF,1,East
8000016-70201-70511-0,Green-C,C,0,00843D,FFFFFF,1,East
canonical-8000005,Green-C,C,0,00843D,FFFFFF,1,East
8000008,Green-D,D,0,00843D,FFFFFF,0,West
8000024,Green-D,D,0,00843D,FFFFFF,0,West
8000021,Green-D,D,0,00843D,FFFFFF,0,West
8000008-70206-70202-0,Green-D,D,0,00843D,FFFFFF,0,West
8000024-70206-70202-0,Green-D,D,0,00843D,FFFFFF,0,West
8000008-70206-70202-2,Green-D,D,0,00843D,FFFFFF,0,West
8000024-70206-70202-2,Green-D,D,0,00843D,FFFFFF,0,West
8000021-70512-70202-2,Green-D,D,0,00843D,FFFFFF,0,West
8000008-70504-70202-2,Green-D,D,0,00843D,FFFFFF,0,West
8000024-70504-70202-2,Green-D,D,0,00843D,FFFFFF,0,West
canonical-8000008,Green-D,D,0,00843D,FFFFFF,0,West
8000009,Green-D,D,0,00843D,FFFFFF,1,East
8000023,Green-D,D,0,00843D,FFFFFF,1,East
8000020,Green-D,D,0,00843D,FFFFFF,1,East
8000009-70201-70205-0,Green-D,D,0,00843D,FFFFFF,1,East
8000023-70201-70205-0,Green-D,D,0,00843D,FFFFFF,1,East
8000009-70201-70205-2,Green-D,D,0,00843D,FFFFFF,1,East
8000023-70201-70205-2,Green-D,D,0,00843D,FFFFFF,1,East
8000020-70201-70511-0,Green-D,D,0,00843D,FFFFFF,1,East
8000009-70201-70503-0,Green-D,D,0,00843D,FFFFFF,1,East
8000023-70201-70503-0,Green-D,D,0,00843D,FFFFFF,1,East
canonical-8000009,Green-D,D,0,00843D,FFFFFF,1,East
8000018,Green-E,E,0,00843D,FFFFFF,0,West
8000018-70206-70202-0,Green-E,E,0,00843D,FFFFFF,0,West
8000018-70206-70202-2,Green-E,E,0,00843D,FFFFFF,0,West
canonical-8000018,Green-E,E,0,00843D,FFFFFF,0,West
8000022,Green-E,E,0,00843D,FFFFFF,1,East
8000015,Green-E,E,0,00843D,FFFFFF,1,East
8000027,Green-E,E,0,00843D,FFFFFF,1,East
8000015-70201-70205-0,Green-E,E,0,00843D,FFFFFF,1,East
8000027-70201-70205-0,Green-E,E,0,00843D,FFFFFF,1,East
8000015-70201-70205-2,Green-E,E,0,00843D,FFFFFF,1,East
8000027-70201-70205-2,Green-E,E,0,00843D,FFFFFF,1,East
canonical-8000015,Green-E,E,0,00843D,FFFFFF,1,East
899_0005,Mattapan,Mattapan Trolley,0,DA291C,FFFFFF,0,Outbound
canonical-899_0005,Mattapan,Mattapan Trolley,0,DA291C,FFFFFF,0,Outbound
899_0008,Mattapan,Mattapan Trolley,0,DA291C,FFFFFF,1,Inbound
canonical-899_0008,Mattapan,Mattapan Trolley,0,DA291C,FFFFFF,1,Inbound
903_0019,Orange,Orange Line,1,ED8B00,FFFFFF,0,South
903_0022,Orange,Orange Line,1,ED8B00,FFFFFF,0,South
canonical-903_0018,Orange,Orange Line,1,ED8B00,FFFFFF,0,South
903_0021,Orange,Orange Line,1,ED8B00,FFFFFF,1,North
903_0023,Orange,Orange Line,1,ED8B00,FFFFFF,1,North
canonical-903_0017,Orange,Orange Line,1,ED8B00,FFFFFF,1,North
933_0015,Red,Red Line,1,DA291C,FFFFFF,0,South
933_0018,Red,Red Line,1,DA291C,FFFFFF,0,South
931_0009,Red,Red Line,1,DA291C,FFFFFF,0,South
933_0009,Red,Red Line,1,DA291C,FFFFFF,0,South
936_0004,Red,Red Line,1,DA291C,FFFFFF,0,South
93410002,Red,Red Line,1,DA291C,FFFFFF,0,South
canonical-931_0009,Red,Red Line,1,DA291C,FFFFFF,0,South
canonical-933_0009,Red,Red Line,1,DA291C,FFFFFF,0,South
933_0016,Red,Red Line,1,DA291C,FFFFFF,1,North
933_0017,Red,Red Line,1,DA291C,FFFFFF,1,North
931_0010,Red,Red Line,1,DA291C,FFFFFF,1,North
933_0010,Red,Red Line,1,DA291C,FFFFFF,1,North
936_0003,Red,Red Line,1,DA291C,FFFFFF,1,North
93410001,Red,Red Line,1,DA291C,FFFFFF,1,North
canonical-931_0010,Red,Red Line,1,DA291C,FFFFFF,1,North
canonical-933_0010,Red,Red Line,1,DA291C,FFFFFF,1,North
AndersonWoburnToReading-S,Shuttle-AndersonWoburnReading,Haverhill Line Shuttle,3,FFC72C,000000,0,Outbound
ReadingToAndersonWoburn-S,Shuttle-AndersonWoburnReading,Haverhill Line Shuttle,3,FFC72C,000000,1,Inbound
FraminghamToAshland-S,Shuttle-AshlandFramingham,Worcester Line Shuttle,3,FFC72C,000000,0,Outbound
AshlandToFramingham-S,Shuttle-AshlandFramingham,Worcester Line Shuttle,3,FFC72C,000000,1,Inbound
6130003,Shuttle-AshmontJFK,Red Line Shuttle,3,FFC72C,000000,0,Outbound
6130001,Shuttle-AshmontJFK,Red Line Shuttle,3,FFC72C,000000,1,Inbound
6130002,Shuttle-JFKMattapan,Red/Mattapan Line Shuttle,3,FFC72C,000000,0,Outbound
6130004,Shuttle-JFKMattapan,Red/Mattapan Line Shuttle,3,FFC72C,000000,1,Inbound
LynnToSwampscott-S,Shuttle-LynnSwampscott,Newburyport/Rockport Line Shuttle,3,FFC72C,000000,0,Outbound
SwampscottToLynn-S,Shuttle-LynnSwampscott,Newburyport/Rockport Line Shuttle,3,FFC72C,000000,1,Inbound
OakGroveToReading-S,Shuttle-OakGroveReading,Haverhill Line Shuttle,3,FFC72C,000000,0,Outbound
ReadingToOakGrove-S,Shuttle-OakGroveReading,Haverhill Line Shuttle,3,FFC72C,000000,1,Inbound
913_0014,Orange,Orange Line,1,ED8B00,FFFFFF,0,South
913_0013,Orange,Orange Line,1,ED8B00,FFFFFF,1,North
931_0009-70061-70071-2,Red,Red Line,1,DA291C,FFFFFF,0,South
933_0009-70061-70071-2,Red,Red Line,1,DA291C,FFFFFF,0,South
931_0010-70072-70061-0,Red,Red Line,1,DA291C,FFFFFF,1,North
933_0010-70072-70061-0,Red,Red Line,1,DA291C,FFFFFF,1,North
AlewifeToKendall-S,Shuttle-AlewifeKendall,Red Line Shuttle,3,FFC72C,000000,0,South
KendallToAlewife-S,Shuttle-AlewifeKendall,Red Line Shuttle,3,FFC72C,000000,1,North
OakGroveToWellington-S,Shuttle-OakGroveWellingtonViaMaldenEast,Orange Line Shuttle,3,FFC72C,000000,0,South
WellingtonToOakGroveViaMaldenEast-S,Shuttle-OakGroveWellingtonViaMaldenEast,Orange Line Shuttle,3,FFC72C,000000,1,North
906_0002,Orange,Orange Line,1,ED8B00,FFFFFF,0,South
906_0004,Orange,Orange Line,1,ED8B00,FFFFFF,0,South
906_0003,Orange,Orange Line,1,ED8B00,FFFFFF,1,North
906_0005,Orange,Orange Line,1,ED8B00,FFFFFF,1,North
OakGroveToNorthStation-S,Shuttle-NorthStationOakGrove,Orange Line Shuttle,3,FFC72C,000000,0,South
NorthStationToOakGrove-S,Shuttle-NorthStationOakGrove,Orange Line Shuttle,3,FFC72C,000000,1,North
931_0009-70075-70085-0,Red,Red Line,1,DA291C,FFFFFF,0,South
931_0009-70075-70085-2,Red,Red Line,1,DA291C,FFFFFF,0,South
933_0009-70075-70095-0,Red,Red Line,1,DA291C,FFFFFF,0,South
933_0009-70075-70095-2,Red,Red Line,1,DA291C,FFFFFF,0,South
931_0010-70086-70076-0,Red,Red Line,1,DA291C,FFFFFF,1,North
931_0010-70086-70076-2,Red,Red Line,1,DA291C,FFFFFF,1,North
933_0010-70096-70076-0,Red,Red Line,1,DA291C,FFFFFF,1,North
933_0010-70096-70076-2,Red,Red Line,1,DA291C,FFFFFF,1,North
ParkStreetToJFK-S,Shuttle-JFKPark,Red Line Shuttle,3,FFC72C,000000,0,South
JFKToParkStreet-S,Shuttle-JFKPark,Red Line Shuttle,3,FFC72C,000000,1,North
JFKToParkStreetViaFranklin-S,Shuttle-JFKPark,Red Line Shuttle,3,FFC72C,000000,1,North
8000008-70504-70206-2,Green-D,D,0,00843D,FFFFFF,0,West
8000024-70504-70206-2,Green-D,D,0,00843D,FFFFFF,0,West
8000009-70205-70503-0,Green-D,D,0,00843D,FFFFFF,1,East
8000023-70205-70503-0,Green-D,D,0,00843D,FFFFFF,1,East
8000018-70512-70206-2,Green-E,E,0,00843D,FFFFFF,0,West
8000027-70205-70511-0,Green-E,E,0,00843D,FFFFFF,1,East
8000015-70205-70511-0,Green-E,E,0,00843D,FFFFFF,1,East
MedfordtoNorthStation-S,Shuttle-MedfordNorthStation,Green Line E Shuttle,3,FFC72C,000000,0,West
NorthStationToMedford-S,Shuttle-MedfordNorthStation,Green Line E Shuttle,3,FFC72C,000000,1,East
8000013-70202-170137-2,Green-B,B,0,00843D,FFFFFF,0,West
8000025-70202-170137-2,Green-B,B,0,00843D,FFFFFF,0,West
8000019-70202-170137-0-70206-70202-0,Green-B,B,0,00843D,FFFFFF,0,West
8000019-70202-170137-2,Green-B,B,0,00843D,FFFFFF,0,West
8000012-170136-70201-0,Green-B,B,0,00843D,FFFFFF,1,East
8000014-170136-70201-0,Green-B,B,0,00843D,FFFFFF,1,East
8000014-170136-70201-2-70201-70205-2,Green-B,B,0,00843D,FFFFFF,1,East
8000006-70202-70151-2,Green-C,C,0,00843D,FFFFFF,0,West
8000026-70202-70151-2,Green-C,C,0,00843D,FFFFFF,0,West
8000017-70206-70202-0,Green-C,C,0,00843D,FFFFFF,0,West
8000017-70206-70202-2-70202-70151-2,Green-C,C,0,00843D,FFFFFF,0,West
8000005-70150-70201-0,Green-C,C,0,00843D,FFFFFF,1,East
8000016-70201-70205-0-70150-70201-0,Green-C,C,0,00843D,FFFFFF,1,East
8000016-70201-70205-2,Green-C,C,0,00843D,FFFFFF,1,East
8000008-70206-70202-2-70202-70151-2,Green-D,D,0,00843D,FFFFFF,0,West
8000008-70504-70206-2-70206-70202-2-70202-70151-2,Green-D,D,0,00843D,FFFFFF,0,West
8000024-70504-70206-2-70206-70202-2-70202-70151-2,Green-D,D,0,00843D,FFFFFF,0,West
8000021-70206-70202-0,Green-D,D,0,00843D,FFFFFF,0,West
8000021-70206-70202-2-70202-70151-2,Green-D,D,0,00843D,FFFFFF,0,West
8000009-70201-70205-0-70150-70201-0,Green-D,D,0,00843D,FFFFFF,1,East
8000009-70205-70503-0-70201-70205-0-70150-70201-0,Green-D,D,0,00843D,FFFFFF,1,East
8000023-70205-70503-0-70201-70205-0-70150-70201-0,Green-D,D,0,00843D,FFFFFF,1,East
8000020-70201-70205-0-70150-70201-0,Green-D,D,0,00843D,FFFFFF,1,East
8000020-70201-70205-2,Green-D,D,0,00843D,FFFFFF,1,East
8000018-70206-70260-0,Green-E,E,0,00843D,FFFFFF,0,West
8000015-70260-70205-2,Green-E,E,0,00843D,FFFFFF,1,East
BackBayToBabcock-S,Shuttle-BabcockCopley,Green Line B Shuttle,3,FFC72C,000000,0,West
BabcockToBackBay-S,Shuttle-BabcockCopley,Green Line B Shuttle,3,FFC72C,000000,1,East
CopleyToKenmore-S,Shuttle-CopleyKenmore,Green Line Shuttle,3,FFC72C,000000,0,West
KenmoreToCopley-S,Shuttle-CopleyKenmore,Green Line Shuttle,3,FFC72C,000000,1,East
8000019-70202-170137-0-70206-70202-0-70502-70206-0,Green-B,B,0,00843D,FFFFFF,0,West
8000014-170136-70201-2-70201-70205-2-70205-70501-2,Green-B,B,0,00843D,FFFFFF,1,East
8000017-70502-70206-0,Green-C,C,0,00843D,FFFFFF,0,West
8000017-70502-70206-2-70206-70202-2-70202-70151-2,Green-C,C,0,00843D,FFFFFF,0,West
8000016-70205-70501-0-70201-70205-0-70150-70201-0,Green-C,C,0,00843D,FFFFFF,1,East
8000016-70205-70501-2,Green-C,C,0,00843D,FFFFFF,1,East
8000008-70502-70206-0,Green-D,D,0,00843D,FFFFFF,0,West
8000008-70502-70206-2-70206-70202-2-70202-70151-2,Green-D,D,0,00843D,FFFFFF,0,West
8000021-70502-70206-0,Green-D,D,0,00843D,FFFFFF,0,West
8000021-70502-70206-2-70206-70202-2-70202-70151-2,Green-D,D,0,00843D,FFFFFF,0,West
8000009-70205-70501-0-70201-70205-0-70150-70201-0,Green-D,D,0,00843D,FFFFFF,1,East
8000009-70205-70501-2,Green-D,D,0,00843D,FFFFFF,1,East
8000020-70205-70501-0-70201-70205-0-70150-70201-0,Green-D,D,0,00843D,FFFFFF,1,East
8000020-70205-70501-2,Green-D,D,0,00843D,FFFFFF,1,East
8000018-70206-70260-0-70502-70206-0,Green-E,E,0,00843D,FFFFFF,0,West
8000015-70260-70205-2-70205-70501-2,Green-E,E,0,00843D,FFFFFF,1,East
NorthStationToBeverlyLocal-S,Shuttle-BeverlyNorthStationLocal,Newburyport/Rockport Line Shuttle,3,FFC72C,000000,0,Outbound
LechmereToNorthStation-S,Shuttle-LechmereNorthStation,Green Line Shuttle,3,FFC72C,000000,0,West
NorthStationToLechmere-S,Shuttle-LechmereNorthStation,Green Line Shuttle,3,FFC72C,000000,1,East
NorthStationToSwampscott-S,Shuttle-NorthStationSwampscott,Newburyport/Rockport Line Shuttle,3,FFC72C,000000,0,Outbound
SwampscottToNorthStation-S,Shuttle-NorthStationSwampscott,Newburyport/Rockport Line Shuttle,3,FFC72C,000000,1,Inbound
